fips,population,date,cases,deaths
45001,24527,4/7/2020,5,0
51001,32316,4/4/2020,8,0
16001,481587,3/27/2020,76,0
19001,25343,3/20/2020,1,0
18001,65435,3/11/2020,1,0
50001,36777,4/3/2020,32,0
45003,170872,4/3/2020,22,1
12001,269043,3/24/2020,37,0
37001,169509,4/6/2020,18,0
6001,1671329,3/15/2020,37,0
36001,305506,3/13/2020,2,0
51003,109330,4/4/2020,27,0
37003,37497,4/6/2020,2,0
19005,13687,3/29/2020,7,1
26005,118081,4/4/2020,10,0
36003,46091,3/22/2020,2,0
37005,14860,4/1/2020,2,0
42003,1216045,3/28/2020,219,2
21003,21315,3/24/2020,1,0
6005,39752,4/3/2020,2,0
51007,13145,4/9/2020,8,0
51009,31605,4/5/2020,6,0
28005,12297,4/9/2020,10,1
47001,7858,3/21/2020,1,0
23001,108277,3/26/2020,5,0
48005,86715,4/9/2020,15,0
24003,579234,3/27/2020,63,1
27003,356921,3/24/2020,7,0
4001,71887,4/4/2020,20,0
19007,12426,4/9/2020,1,1
8005,656590,3/23/2020,58,0
51013,236842,3/25/2020,46,0
42005,64735,3/31/2020,5,0
39005,15562,3/25/2020,1,0
39007,97241,4/3/2020,9,0
48013,51153,4/8/2020,5,0
20005,16073,4/1/2020,1,0
39009,65327,4/9/2020,3,1
34001,263670,4/1/2020,40,0
28007,18174,4/4/2020,14,0
48015,30032,4/8/2020,6,0
1001,55869,4/7/2020,12,1
12003,3038,3/19/2020,1,0
1003,223234,3/21/2020,2,0
24005,827370,3/25/2020,51,1
16005,87808,4/7/2020,5,0
54001,16441,4/5/2020,3,0
25001,212990,3/28/2020,133,2
13013,83240,4/5/2020,25,2
26015,61550,3/27/2020,1,0
18005,83779,3/30/2020,10,0
20009,25779,4/7/2020,3,0
13015,107738,3/25/2020,82,1
48021,88723,4/3/2020,10,0
29013,16172,4/4/2020,3,0
21011,4147,4/9/2020,1,0
26017,103126,3/20/2020,1,0
55007,15036,4/2/2020,3,0
46005,18453,3/24/2020,13,0
37013,192122,3/30/2020,3,0
42007,5311,3/18/2020,2,0
47003,78997,3/26/2020,1,0
33001,61303,4/1/2020,13,0
48027,362924,3/20/2020,2,0
39013,67006,3/28/2020,8,0
13017,16700,4/7/2020,6,0
50003,35470,3/21/2020,4,0
41003,16160,3/16/2020,1,0
34003,932202,3/18/2020,133,4
54003,119171,3/26/2020,4,0
42011,421164,4/1/2020,151,0
25003,124944,3/21/2020,21,0
35001,679121,3/25/2020,48,0
13019,19397,4/4/2020,3,0
37015,18947,4/8/2020,10,1
48029,2003554,2/26/2020,10,0
1007,22394,4/1/2020,3,0
27011,4991,4/6/2020,1,0
16011,46811,4/3/2020,2,0
19013,131228,3/31/2020,7,0
16013,465,3/17/2020,4,0
42013,121829,4/9/2020,6,0
48031,11931,4/8/2020,4,0
1009,133088,3/26/2020,3,0
27013,67653,3/30/2020,9,0
28011,30628,4/1/2020,25,1
29017,12133,4/9/2020,3,0
46009,6901,3/25/2020,1,0
18011,180463,3/11/2020,1,0
51023,33419,4/4/2020,14,0
8013,326196,3/28/2020,84,1
20011,14534,3/26/2020,1,0
48037,93245,3/30/2020,4,0
49003,56046,4/1/2020,7,0
21019,46718,4/5/2020,20,1
12007,60323,3/27/2020,1,0
5011,10763,3/23/2020,1,0
48039,374264,3/28/2020,52,0
48041,229211,3/31/2020,46,2
21025,12630,4/9/2020,2,0
12009,601942,3/31/2020,37,0
25005,48479,3/18/2020,5,0
30007,6237,4/2/2020,3,0
46011,35077,4/7/2020,6,0
13027,7093,4/5/2020,6,0
36007,190488,3/28/2020,23,3
8014,70465,4/3/2020,36,2
12011,1952778,3/20/2020,128,2
48049,9564,3/20/2020,1,0
51025,142820,4/2/2020,1,0
40013,39627,4/1/2020,1,0
51027,21175,4/7/2020,1,0
42017,628270,3/25/2020,110,0
31019,13031,3/22/2020,2,0
1011,10101,4/9/2020,4,0
37021,261191,4/4/2020,27,1
37023,2115,3/26/2020,2,0
38015,95626,3/31/2020,30,0
34005,445349,3/24/2020,42,0
48053,48155,4/8/2020,5,0
20015,187853,3/14/2020,1,0
6007,2597,3/24/2020,4,0
13035,24936,4/5/2020,12,0
37025,216453,3/26/2020,16,1
49005,128289,4/1/2020,7,0
22017,28762,3/17/2020,4,0
6009,45905,4/7/2020,5,0
48055,12747,3/29/2020,1,0
50005,29993,4/7/2020,8,0
1015,14105,3/18/2020,1,0
29027,44743,4/6/2020,19,1
21035,39001,4/3/2020,5,0
55015,50089,4/2/2020,3,0
24009,92525,4/2/2020,22,0
42021,130192,4/6/2020,7,0
34007,10867,3/9/2020,1,0
42023,4447,4/2/2020,1,0
47013,1376,3/16/2020,1,0
40017,148306,3/30/2020,15,0
47015,14678,4/9/2020,7,0
16027,229849,4/3/2020,89,1
29031,78871,4/7/2020,20,1
34009,92039,4/2/2020,34,0
42025,14800,3/25/2020,1,0
24011,30725,3/28/2020,1,0
19027,29791,3/13/2020,1,0
32510,55916,3/26/2020,4,0
40019,48111,3/26/2020,1,0
37031,69473,4/3/2020,14,0
27019,105089,3/22/2020,8,0
30013,81366,4/4/2020,11,0
31025,12147,3/13/2020,1,0
16031,24030,4/7/2020,5,1
48069,7530,4/4/2020,10,1
37035,159551,4/4/2020,16,1
13047,67580,4/6/2020,6,0
36011,76576,4/6/2020,11,1
24015,102855,4/5/2020,36,1
29039,8402,4/2/2020,3,0
42027,162385,4/3/2020,32,0
19033,42450,4/5/2020,10,0
8015,20356,4/4/2020,21,2
48071,43837,3/26/2020,2,0
39021,38885,3/28/2020,2,0
24017,163257,3/27/2020,17,0
51036,6963,4/2/2020,4,0
46023,9292,3/24/2020,1,0
45019,411406,3/20/2020,6,1
26029,26143,3/27/2020,4,0
12015,188910,3/14/2020,1,0
13049,13392,3/24/2020,1,0
37037,74470,3/13/2020,1,0
13055,24789,4/5/2020,3,0
20019,3250,4/4/2020,3,0
35005,64615,4/6/2020,14,0
47021,40667,4/1/2020,11,0
53007,77200,3/18/2020,3,1
36015,83456,4/7/2020,49,0
36017,47207,4/1/2020,26,0
13057,52646,3/9/2020,1,0
33005,76085,4/3/2020,9,0
47023,524989,3/24/2020,1,0
45025,45650,3/27/2020,4,0
28017,17103,3/25/2020,6,0
5017,10118,4/9/2020,4,0
1021,44428,4/8/2020,22,0
55017,11800,3/23/2020,1,0
27025,56579,4/3/2020,4,1
50007,163774,3/25/2020,55,6
40023,8210,3/28/2020,1,0
21047,70461,3/21/2020,1,0
35006,26675,4/7/2020,15,0
12017,149657,3/29/2020,16,1
41005,418187,3/26/2020,21,2
28021,31959,4/1/2020,1,0
53009,77331,4/2/2020,8,0
26035,30950,4/3/2020,2,0
45027,33745,4/3/2020,34,1
53011,2266715,3/6/2020,1,0
28023,15541,3/30/2020,1,0
41007,40224,4/7/2020,5,0
12019,219252,3/12/2020,1,0
19043,292256,4/1/2020,2,0
8019,9700,3/27/2020,3,0
42033,79255,4/7/2020,7,0
27029,8756,4/4/2020,2,0
1029,14910,3/28/2020,4,0
39025,206428,4/4/2020,20,1
40027,7956,3/17/2020,1,0
13065,6618,4/5/2020,2,0
17027,46429,3/16/2020,1,0
28027,22124,4/1/2020,22,0
13067,760141,3/21/2020,56,5
4003,125922,4/4/2020,7,0
47029,36004,4/4/2020,1,0
4005,143476,4/1/2020,85,3
46029,28009,4/6/2020,11,0
47031,52342,3/31/2020,1,0
1033,55241,4/8/2020,7,1
29051,76745,4/1/2020,24,0
31037,11941,4/8/2020,3,0
45029,37677,4/4/2020,9,0
12021,384902,3/24/2020,41,0
48085,1034730,3/23/2020,45,1
13071,45600,4/7/2020,70,5
53013,52354,3/13/2020,1,0
39029,101883,4/3/2020,28,3
48091,156209,4/7/2020,22,2
48093,120749,4/5/2020,1,0
6013,1153526,3/17/2020,34,0
5029,20846,4/7/2020,4,1
17031,5463,1/28/2020,1,0
29053,17709,4/8/2020,2,0
1037,10663,4/9/2020,10,0
28029,28065,3/27/2020,8,0
36023,47581,4/5/2020,14,0
48099,75951,4/8/2020,11,0
39031,36600,3/31/2020,5,0
28031,37049,3/31/2020,2,0
13077,148509,3/28/2020,20,2
53015,110593,4/3/2020,18,0
40035,5131,4/2/2020,2,0
5031,110332,4/2/2020,13,0
48103,4797,4/2/2020,2,0
37049,102139,3/28/2020,4,0
39033,84629,3/24/2020,1,0
40037,71522,4/8/2020,47,2
1041,13772,4/9/2020,2,0
13081,22372,4/7/2020,46,0
21055,47955,4/4/2020,1,0
56011,24404,4/7/2020,1,0
5037,16419,4/7/2020,5,0
8025,6061,4/2/2020,1,1
1043,83768,4/3/2020,15,1
51047,52605,4/5/2020,8,0
17035,149527,3/14/2020,1,0
41015,48954,4/8/2020,2,0
40039,5068,3/21/2020,1,0
39035,1235072,3/23/2020,149,1
13083,7561,4/6/2020,1,1
27037,20026,3/19/2020,7,0
19049,37196,3/16/2020,1,0
55025,546695,2/19/2020,1,0
39037,51113,3/31/2020,13,1
45031,66618,4/3/2020,15,0
42043,278299,4/5/2020,118,1
37057,694144,3/23/2020,2,0
37059,42846,4/5/2020,16,2
21059,8278,3/21/2020,4,0
49011,9000,3/13/2020,1,0
46035,19775,3/24/2020,2,1
13085,26108,3/22/2020,1,0
48117,18546,4/4/2020,5,0
18029,49458,4/7/2020,41,1
47039,26404,3/29/2020,1,0
39039,38087,4/4/2020,7,0
17037,71513,3/23/2020,1,0
42045,44135,3/8/2020,1,0
8029,31162,3/29/2020,1,0
48121,887207,3/29/2020,165,2
8031,727211,3/20/2020,79,0
19057,38967,4/9/2020,3,0
41017,197692,3/25/2020,10,0
5041,11361,3/30/2020,2,0
12027,38001,3/26/2020,5,0
46039,1794,4/4/2020,1,0
48123,20160,4/2/2020,4,0
19059,25239,3/29/2020,1,0
47043,53948,4/3/2020,21,0
45033,30479,4/4/2020,1,0
11001,705749,3/21/2020,98,1
13091,20605,3/26/2020,1,0
35013,218195,4/3/2020,22,0
20043,7600,4/7/2020,1,0
24019,162809,4/4/2020,1,0
13095,87956,3/29/2020,247,17
41019,13185,3/8/2020,1,0
5043,18219,4/8/2020,5,0
18037,42736,4/6/2020,7,0
19061,97311,4/2/2020,22,1
25007,17332,4/7/2020,9,0
29069,29131,4/3/2020,7,0
55033,4424,3/25/2020,1,0
17043,922921,3/28/2020,202,6
37061,58741,4/8/2020,8,0
37063,321488,3/30/2020,106,0
36027,294218,3/26/2020,190,2
12031,11157,3/19/2020,15,1
47045,37159,4/2/2020,5,0
8037,55127,3/20/2020,61,0
13099,10190,4/2/2020,42,1
48133,18360,4/8/2020,3,0
26045,110268,4/2/2020,37,1
55035,104646,4/2/2020,14,0
38027,58460,4/8/2020,1,0
45037,27260,4/4/2020,5,0
17049,34008,4/7/2020,1,0
6017,192843,4/4/2020,22,0
48141,839238,3/13/2020,1,0
8039,26729,3/23/2020,3,0
18039,206341,4/4/2020,31,3
32007,52778,4/2/2020,5,0
48139,3859,3/21/2020,3,0
16039,81209,4/1/2020,3,0
26047,33415,3/29/2020,4,0
48143,42698,4/8/2020,8,1
39043,74266,3/23/2020,1,1
1053,318316,3/28/2020,1,0
34013,36885,3/12/2020,1,0
1055,102268,4/8/2020,47,4
2090,96849,3/30/2020,31,0
51059,1147532,3/21/2020,22,1
45039,943332,3/19/2020,1,0
48145,17297,4/7/2020,1,0
48147,35514,3/25/2020,1,0
5045,126007,4/1/2020,36,0
51061,71222,4/9/2020,20,0
21067,21336,3/7/2020,1,0
53019,7627,4/8/2020,1,0
27045,21067,3/27/2020,3,0
12035,115081,4/5/2020,31,1
30029,103806,4/2/2020,18,0
55037,4295,4/9/2020,2,0
18043,98498,3/16/2020,1,0
51065,27270,4/5/2020,7,0
55039,103403,3/24/2020,18,1
20057,12961,3/24/2020,1,0
42053,9004,4/9/2020,5,0
28035,74897,3/25/2020,15,0
37067,382295,3/17/2020,2,0
48157,811688,3/18/2020,12,0
38031,3210,4/8/2020,1,0
18045,16346,4/9/2020,2,1
20059,56042,3/14/2020,1,0
51069,89313,3/25/2020,2,0
8043,13099,3/24/2020,1,0
6019,999101,3/21/2020,10,0
36035,1063937,3/21/2020,1,0
12039,45660,4/8/2020,8,0
48165,21492,4/8/2020,1,0
30031,4828,3/17/2020,1,0
39053,29898,4/5/2020,4,1
48167,342139,3/27/2020,49,0
49017,2225,3/29/2020,1,0
5051,99386,3/29/2020,26,0
24023,29014,4/6/2020,3,0
40049,27711,4/3/2020,8,0
37071,224529,4/1/2020,31,0
39055,93649,3/30/2020,22,0
36037,57280,3/25/2020,2,0
28039,24500,4/4/2020,4,0
45043,62680,4/6/2020,21,1
47053,33659,3/27/2020,2,0
47055,16720,4/2/2020,3,0
13123,31369,4/6/2020,2,0
26051,25449,4/5/2020,4,0
51073,291636,3/25/2020,2,0
13127,85292,4/2/2020,21,0
26053,13975,4/9/2020,3,1
51075,23753,3/31/2020,7,0
27049,46340,4/8/2020,13,0
13129,57963,3/27/2020,12,1
13131,24633,3/31/2020,1,0
33009,89886,3/16/2020,5,0
4009,38837,3/18/2020,1,0
49019,9754,4/9/2020,1,0
26055,93088,4/5/2020,12,3
53025,7150,3/14/2020,1,0
37077,60443,4/5/2020,37,0
48179,21886,4/8/2020,9,0
53027,75061,3/26/2020,1,0
48181,15550,3/26/2020,2,0
21087,36960,4/7/2020,1,0
29077,36233,3/13/2020,1,0
45045,523542,3/29/2020,71,1
45047,70811,3/22/2020,2,0
48183,123945,3/25/2020,1,0
28043,20758,4/4/2020,4,0
48185,28880,4/8/2020,4,0
17063,12232,3/25/2020,1,0
48187,166847,4/1/2020,17,0
37081,537174,4/1/2020,55,1
8051,17462,3/24/2020,40,1
13135,936250,3/21/2020,23,1
48189,14651,3/31/2020,1,0
51083,50010,3/31/2020,1,0
48191,204441,3/31/2020,1,0
47063,64934,4/3/2020,3,0
47065,367804,3/14/2020,1,0
25013,466372,3/29/2020,201,5
25015,160830,3/24/2020,8,0
28045,75783,3/17/2020,1,0
51085,107766,3/26/2020,2,0
13143,29792,4/7/2020,17,0
47069,25050,4/4/2020,6,0
47071,57602,3/25/2020,1,0
24025,255441,3/22/2020,5,0
37085,135976,3/28/2020,13,1
13145,4713325,3/31/2020,3,0
21097,208080,3/9/2020,1,0
13147,19035,4/2/2020,3,0
9003,891720,3/28/2020,228,2
15001,201513,3/31/2020,15,0
47073,56786,4/8/2020,18,1
48209,230191,3/28/2020,13,0
47075,17304,4/4/2020,2,0
13149,11923,4/3/2020,2,1
5057,21532,4/8/2020,3,0
37089,6646,3/23/2020,1,0
18063,170311,3/22/2020,8,0
27053,1265843,3/26/2020,128,0
51087,330818,3/31/2020,62,3
29083,21824,3/13/2020,1,0
36043,61319,3/26/2020,7,0
12053,193920,4/2/2020,34,0
37091,23677,4/9/2020,4,1
47081,4380,4/8/2020,2,0
48215,4198,3/31/2020,38,0
39071,2190,3/31/2020,1,0
12055,106221,4/4/2020,30,2
48217,16484,3/31/2020,1,0
12057,1471968,3/6/2020,2,0
26059,45605,4/7/2020,55,4
28049,231840,3/29/2020,66,0
8053,820,4/4/2020,1,0
48219,23021,4/3/2020,7,1
37093,55234,4/1/2020,4,0
12059,17010,3/31/2020,1,0
15003,974563,3/20/2020,28,0
41027,23382,4/3/2020,3,0
21107,37084,3/28/2020,2,1
45051,354081,3/29/2020,31,3
5059,33771,4/7/2020,7,0
13153,157863,3/20/2020,1,0
18067,10001,3/13/2020,1,0
34017,672391,3/23/2020,190,0
8055,6897,4/7/2020,1,0
46065,17526,3/30/2020,1,0
6023,135558,2/24/2020,1,0
28053,8064,3/27/2020,1,0
48231,98594,4/8/2020,8,0
34019,124371,3/30/2020,79,0
26063,30981,3/28/2020,1,0
48233,20938,4/4/2020,2,0
16049,16667,4/8/2020,3,0
6025,181215,4/3/2020,55,0
5063,37825,4/2/2020,4,0
12061,159923,4/2/2020,41,0
42063,84073,4/9/2020,21,0
26065,292406,3/26/2020,22,0
6027,18039,4/8/2020,11,0
26067,64697,4/9/2020,13,1
26069,25127,4/8/2020,4,1
55049,23678,3/29/2020,3,0
37097,181806,3/31/2020,25,0
55051,5687,3/27/2020,1,1
13155,9416,4/7/2020,9,0
26073,69872,4/7/2020,22,2
53029,85141,3/25/2020,38,1
51093,37109,4/4/2020,18,0
28057,23390,4/5/2020,3,0
40065,11786,3/14/2020,1,0
51095,76523,3/26/2020,49,3
45053,16383,3/21/2020,1,0
8059,57146,3/5/2020,1,0
22053,11128,4/7/2020,25,1
18079,27735,4/1/2020,17,0
21113,54115,4/5/2020,15,0
17085,21235,4/5/2020,5,0
20091,17788,3/8/2020,1,0
37101,11085,3/19/2020,2,0
28067,903,3/21/2020,1,0
41033,87487,4/4/2020,13,0
55057,26687,4/8/2020,5,0
2110,31974,4/6/2020,14,0
42067,24763,4/7/2020,14,0
26077,265066,4/6/2020,58,3
26079,18038,4/7/2020,10,2
54039,178124,4/3/2020,40,0
27067,43199,4/9/2020,2,0
49025,532403,4/5/2020,2,0
17091,109862,4/1/2020,57,0
48255,15601,4/9/2020,2,0
15007,72293,3/28/2020,11,0
48257,136154,4/8/2020,14,0
40071,43538,3/29/2020,20,0
31099,6495,4/9/2020,3,0
2122,58708,4/1/2020,8,0
17093,47431,3/23/2020,4,0
23011,122302,3/31/2020,12,1
55059,169561,3/31/2020,37,0
24029,656955,3/27/2020,2,0
21117,166998,4/1/2020,26,2
6029,900202,3/31/2020,101,1
45055,66551,3/20/2020,36,0
2130,13901,3/31/2020,13,0
53033,2252782,3/6/2020,59,12
51099,26836,4/9/2020,13,0
6031,152940,4/3/2020,5,0
40075,1406,4/6/2020,1,0
8063,7097,4/9/2020,6,0
53035,271473,3/22/2020,20,0
53037,47935,3/21/2020,4,0
41035,68238,3/21/2020,1,0
53039,22425,3/28/2020,7,0
47093,49699,3/13/2020,1,0
16055,165697,4/3/2020,37,0
19109,14813,4/5/2020,1,0
55063,118016,4/1/2020,19,0
4012,21108,4/9/2020,4,0
8067,56221,4/6/2020,32,0
27073,6623,4/6/2020,1,0
42069,209674,4/1/2020,85,3
29107,54019,3/24/2020,1,0
17097,7869,3/12/2020,1,0
1075,19077,3/21/2020,1,0
50015,25362,4/8/2020,19,1
51103,98012,3/29/2020,1,0
41039,1535,3/24/2020,4,1
26087,87607,4/7/2020,56,3
18091,109888,3/28/2020,4,0
56021,99500,3/31/2020,27,0
8069,356899,3/23/2020,34,0
17099,108669,3/25/2020,3,0
47097,74125,4/2/2020,2,0
21125,60813,4/8/2020,3,0
45059,67493,3/30/2020,3,0
48285,20154,4/2/2020,1,0
28077,25844,3/21/2020,1,0
27079,28887,4/5/2020,20,0
35025,71070,4/4/2020,2,0
28079,22786,4/4/2020,8,0
20103,81758,4/1/2020,25,0
42075,141793,4/2/2020,45,0
13177,33657,3/11/2020,1,0
26089,21761,3/27/2020,1,0
28083,28183,3/27/2020,13,0
42077,369318,3/29/2020,151,3
26091,98451,4/8/2020,36,0
37107,55949,4/8/2020,11,0
48289,293582,4/5/2020,2,0
53041,26296,3/17/2020,1,0
30049,69432,3/27/2020,7,0
45063,298750,3/28/2020,30,1
13179,88219,3/25/2020,1,0
39089,176862,4/4/2020,50,1
1083,23437,3/20/2020,1,0
53043,13024,3/15/2020,1,0
20107,11920,3/22/2020,1,0
9005,180333,3/26/2020,44,0
36051,15227,3/19/2020,1,0
48299,21795,4/8/2020,3,0
40083,2794,3/20/2020,1,0
13183,19559,4/8/2020,1,0
5085,73309,4/9/2020,26,0
39093,309833,3/28/2020,65,0
6037,10039107,2/9/2020,1,0
47105,54068,4/5/2020,13,0
51107,413538,3/24/2020,18,0
51109,37591,3/27/2020,5,0
1085,117406,3/26/2020,1,0
48303,310569,3/31/2020,77,1
39095,8600,3/22/2020,5,1
13187,33610,4/4/2020,9,0
42079,317417,3/29/2020,94,2
42081,113299,4/8/2020,15,0
46085,3781,4/6/2020,1,0
21143,11755,3/19/2020,1,0
26099,873972,3/27/2020,404,14
13193,104009,3/26/2020,1,0
6039,157327,3/21/2020,3,0
1089,16338,3/17/2020,1,0
19123,22095,4/9/2020,4,0
39099,228683,3/31/2020,153,9
12081,403253,3/15/2020,4,0
26101,24558,4/7/2020,9,0
55073,135692,4/3/2020,9,0
1091,18863,4/9/2020,14,1
4013,4485414,2/9/2020,1,0
6041,258826,3/11/2020,4,0
18097,16694,3/6/2020,1,0
45069,26118,4/4/2020,3,0
55077,66699,4/1/2020,2,0
1095,9707,3/25/2020,1,0
12085,11195,3/21/2020,1,0
53045,13359,3/19/2020,1,0
48321,36643,3/30/2020,13,1
2170,108317,3/30/2020,3,0
51115,8834,4/8/2020,2,0
15009,167417,3/29/2020,20,0
47119,96387,4/3/2020,20,0
48323,58722,4/8/2020,7,0
40097,41100,4/7/2020,12,2
40087,40474,4/2/2020,11,0
46087,5586,3/27/2020,2,0
21145,65418,4/7/2020,13,1
21147,17231,4/8/2020,3,0
29119,22837,4/8/2020,3,0
37111,45756,3/30/2020,4,0
13189,21312,4/9/2020,18,2
38049,5745,3/31/2020,1,1
38051,14378,3/30/2020,1,0
35031,71367,4/3/2020,32,0
38055,9450,4/1/2020,2,0
48309,256623,4/1/2020,48,1
47107,53794,4/5/2020,3,0
20113,2379,3/31/2020,3,0
46093,4033,3/29/2020,1,0
30059,1862,4/9/2020,1,0
51117,30587,3/25/2020,3,0
26107,43453,4/9/2020,9,1
48325,179746,3/24/2020,1,0
39105,22907,4/7/2020,1,0
17129,2138,4/5/2020,1,0
6045,86749,4/1/2020,4,0
21165,6489,4/2/2020,4,0
55078,22780,4/8/2020,1,0
6047,277680,4/7/2020,34,1
34021,109424,3/15/2020,1,0
13199,21167,4/8/2020,18,0
33013,151391,4/1/2020,28,0
8077,154210,3/28/2020,7,0
18103,35516,3/22/2020,1,0
12086,2716940,3/25/2020,489,0
34023,162436,3/11/2020,2,0
48329,176832,3/25/2020,3,1
48331,24823,4/8/2020,7,0
13201,25619,3/24/2020,1,0
55079,945726,3/27/2020,468,9
8079,4505,4/1/2020,2,0
46099,193134,3/24/2020,5,0
26113,15118,4/9/2020,1,1
5093,13180,4/9/2020,6,0
30063,119600,3/28/2020,9,0
37121,14964,4/3/2020,1,0
1097,413210,4/2/2020,69,4
4015,212181,4/9/2020,27,1
29135,16132,4/5/2020,4,0
34025,618795,3/23/2020,238,2
6051,14444,4/7/2020,19,1
19133,8615,4/9/2020,6,0
54061,105612,4/2/2020,35,0
42089,46545,3/9/2020,1,0
26117,63888,3/26/2020,3,0
6053,434061,3/31/2020,42,2
48339,607391,3/10/2020,1,0
42093,18230,4/4/2020,19,0
8085,42758,4/4/2020,31,1
37125,100880,3/19/2020,2,0
18109,33658,3/22/2020,1,0
48343,12388,3/26/2020,1,0
39117,11603,4/2/2020,1,0
38059,31364,3/21/2020,8,0
27099,40062,4/2/2020,15,0
21177,30622,4/7/2020,8,0
41051,812855,3/24/2020,25,2
13213,40096,3/28/2020,2,0
19139,42664,4/2/2020,19,1
13215,195769,4/3/2020,31,0
26121,173566,4/6/2020,33,4
39119,86215,4/9/2020,8,0
40101,67997,4/5/2020,20,2
48347,65204,4/9/2020,25,2
25019,11399,4/4/2020,9,0
6055,137744,3/11/2020,1,0
37127,94298,4/5/2020,21,0
12089,88625,3/16/2020,1,0
56025,79858,4/3/2020,21,0
4017,110924,3/31/2020,91,0
21179,46233,3/18/2020,1,0
31127,10231,3/26/2020,1,0
20133,16007,4/8/2020,1,0
5099,99755,3/29/2020,1,0
10003,558753,3/25/2020,79,0
37129,234473,4/1/2020,32,0
9009,854757,3/28/2020,236,6
9011,265206,4/3/2020,40,3
26123,48980,4/6/2020,2,0
45071,38440,4/5/2020,7,0
44005,NA,4/1/2020,31,0
13217,21018,3/17/2020,1,0
16069,40408,4/8/2020,18,2
36063,209281,4/3/2020,91,0
21181,24496,4/4/2020,1,0
27103,34274,3/31/2020,3,0
18113,47744,3/13/2020,1,0
25021,706775,3/16/2020,36,0
42095,11710,3/16/2020,1,0
51133,12095,3/30/2020,2,0
51135,15232,4/8/2020,3,0
28103,10417,4/7/2020,5,0
48355,362294,4/7/2020,59,0
32023,46523,4/3/2020,7,0
26125,1257584,3/24/2020,428,4
34029,607186,3/27/2020,484,8
26127,26467,4/9/2020,3,1
13219,79546,3/23/2020,3,0
26129,20997,3/30/2020,4,0
18115,23994,3/27/2020,1,0
12091,210738,3/21/2020,12,0
53047,42243,4/8/2020,12,0
40109,797434,3/27/2020,94,2
40111,38465,4/9/2020,13,0
28105,49587,4/5/2020,27,0
48359,66799,3/25/2020,1,1
27109,158293,3/25/2020,21,0
55085,228671,3/31/2020,3,0
36067,460528,3/30/2020,180,0
37133,197938,3/26/2020,4,0
36069,109777,3/30/2020,20,0
6059,3175692,1/26/2020,1,0
45075,86175,4/3/2020,25,0
36073,27037,3/28/2020,3,0
29151,13615,3/30/2020,1,0
26133,23460,3/29/2020,2,0
36075,117124,4/6/2020,33,2
8089,67490,3/28/2020,3,0
36077,59493,3/24/2020,1,0
26139,31127,3/18/2020,1,0
22073,23382,3/27/2020,25,1
55087,187885,3/30/2020,9,0
47133,22241,4/7/2020,4,0
18119,10901,3/26/2020,4,0
23017,57975,3/31/2020,9,0
55089,89221,4/2/2020,47,5
19145,23902,3/31/2020,2,0
12099,1496770,3/26/2020,172,3
28107,23194,3/27/2020,4,0
8093,18845,3/20/2020,1,0
48367,142878,4/7/2020,6,0
12101,553947,3/24/2020,16,1
37139,39824,4/3/2020,7,0
34031,501826,3/22/2020,95,1
13223,168667,3/19/2020,3,0
40117,2613,3/21/2020,2,0
16075,23951,4/8/2020,6,1
40119,81784,3/29/2020,13,0
13225,27546,4/2/2020,7,1
28109,55535,3/27/2020,18,0
29155,15805,4/7/2020,3,0
54071,6969,4/6/2020,1,0
46103,14119,3/30/2020,5,0
23019,152148,4/1/2020,13,0
17143,179179,3/30/2020,8,0
28111,19169,3/19/2020,1,0
31137,44573,4/9/2020,1,0
42101,1584064,3/24/2020,177,0
5107,3954,4/5/2020,1,0
39129,58457,4/8/2020,35,0
45077,19930,3/24/2020,1,0
55093,3975,3/10/2020,1,0
42103,55809,3/13/2020,1,0
4019,1047279,3/23/2020,24,0
4021,462789,3/20/2020,10,0
12103,974996,3/24/2020,45,1
8097,17767,3/25/2020,21,0
37147,180742,4/3/2020,31,0
51143,60354,4/9/2020,4,0
6061,398329,3/16/2020,8,1
29165,8393,3/25/2020,2,0
19149,521202,4/9/2020,4,0
5111,23528,4/2/2020,5,0
13233,490161,3/7/2020,1,0
28115,38284,3/25/2020,2,0
5115,4177,3/23/2020,1,0
55097,70772,4/1/2020,1,0
18127,170389,4/7/2020,84,0
18129,25427,4/9/2020,5,0
20149,24383,3/30/2020,1,0
19155,93206,3/23/2020,2,0
42105,16526,3/24/2020,1,0
21197,6890,4/7/2020,1,0
19157,18504,4/5/2020,6,1
28117,25126,4/8/2020,10,0
54077,33432,4/7/2020,6,0
51147,22802,3/26/2020,2,0
51149,38353,4/9/2020,25,0
24033,909327,3/23/2020,47,1
51153,470335,3/26/2020,44,0
44007,NA,4/1/2020,391,3
8101,168424,3/27/2020,7,1
29169,12353,3/21/2020,1,0
12107,98320,3/21/2020,1,0
24035,50381,4/6/2020,15,0
28119,6792,3/28/2020,4,0
55101,196311,3/27/2020,9,0
54081,73361,4/8/2020,5,0
29173,10309,4/8/2020,1,0
38071,550321,3/22/2020,1,0
13243,17958,3/21/2020,1,0
28121,155271,4/3/2020,64,1
30081,43806,4/4/2020,2,0
20155,61998,4/3/2020,9,0
36083,158714,3/31/2020,55,0
27129,2327,3/21/2020,1,0
27131,9537,3/25/2020,2,0
39139,10803,3/20/2020,1,0
37153,9023,3/25/2020,1,0
20161,74232,4/3/2020,11,0
35039,38921,4/8/2020,7,0
8105,11267,4/9/2020,5,0
29181,28324,4/2/2020,2,0
6065,2470546,3/21/2020,30,5
47145,13688,3/28/2020,1,0
51161,94186,4/8/2020,9,0
46109,854,4/5/2020,4,0
47147,2108,3/19/2020,2,0
37155,130625,4/5/2020,5,0
55105,1357,3/24/2020,3,0
17161,141879,4/5/2020,40,0
51163,22573,4/6/2020,3,0
13247,90896,4/2/2020,57,2
33015,81948,3/10/2020,2,0
36087,325789,3/20/2020,101,3
48397,104915,4/9/2020,14,0
30085,11004,3/26/2020,1,0
26143,24019,4/5/2020,5,0
8107,25638,3/27/2020,12,0
37159,142088,3/27/2020,10,0
18139,3036,4/1/2020,5,0
48401,54406,3/25/2020,1,0
1113,57961,3/28/2020,1,0
47149,332285,3/20/2020,1,0
50021,58191,4/3/2020,17,0
6067,1552058,3/6/2020,3,0
23023,35856,4/4/2020,13,0
26145,190539,4/4/2020,103,0
34033,62385,4/5/2020,26,2
5125,14224,3/17/2020,1,0
49035,1160437,3/10/2020,1,0
45081,20473,4/2/2020,2,0
37163,63531,3/31/2020,1,0
6069,62808,3/27/2020,11,1
6071,2180085,3/29/2020,111,3
6073,3338330,2/24/2020,1,0
6075,881549,2/16/2020,2,0
6077,762148,3/24/2020,60,2
53055,123958,3/22/2020,1,0
6079,283111,3/28/2020,67,0
6081,766573,3/16/2020,42,1
8113,27277,3/23/2020,1,0
48409,66730,4/8/2020,7,0
35043,146748,3/28/2020,15,0
39143,58518,4/6/2020,5,0
17167,194672,3/28/2020,8,1
26151,41170,4/8/2020,22,2
6083,446499,3/29/2020,68,0
6085,1927852,2/14/2020,2,0
4023,46498,3/24/2020,1,0
35049,150358,3/25/2020,17,0
12113,184313,3/19/2020,1,1
12115,433742,3/26/2020,34,2
36091,229863,3/21/2020,35,0
31153,187196,3/31/2020,16,0
55111,64442,4/2/2020,16,2
31155,21578,4/7/2020,4,0
36093,155299,3/27/2020,66,0
36095,30999,4/2/2020,8,0
36097,17807,3/31/2020,2,0
42107,141359,4/5/2020,90,0
29199,4902,4/7/2020,1,0
28123,38280,3/19/2020,1,0
5129,7881,4/2/2020,4,0
5131,127827,4/2/2020,8,0
20173,2248,3/26/2020,16,0
40133,8090,3/29/2020,1,0
39147,34016,3/30/2020,3,0
40135,41569,4/9/2020,10,2
47155,98250,3/19/2020,1,0
20175,17284,4/9/2020,3,0
6089,180080,3/23/2020,3,0
20177,176875,4/8/2020,53,3
55117,115340,3/27/2020,7,0
47157,49024,3/9/2020,1,0
51171,43616,4/8/2020,13,0
27141,97238,4/9/2020,9,0
56033,1315,3/13/2020,1,0
41055,5917,4/8/2020,1,0
26155,68122,4/9/2020,31,0
27143,14865,4/9/2020,1,0
30093,34915,3/27/2020,7,0
28127,18572,3/26/2020,1,0
38085,34855,3/28/2020,1,0
6093,43539,4/4/2020,3,0
53057,129205,3/24/2020,48,1
28129,15916,3/23/2020,1,0
53061,822083,2/4/2020,1,0
35053,16637,3/25/2020,2,0
6095,447643,3/9/2020,12,0
24039,50484,3/24/2020,1,0
6097,494336,3/11/2020,3,0
51175,17631,4/9/2020,5,0
13255,66703,4/3/2020,23,1
45083,319785,3/22/2020,2,0
21215,20277,3/28/2020,1,0
53063,522798,3/9/2020,4,0
51177,136215,3/28/2020,3,0
22089,402022,3/20/2020,7,0
1115,259686,3/17/2020,1,0
55109,90687,4/3/2020,7,0
29187,67215,4/6/2020,17,0
12109,264672,3/25/2020,28,1
18141,60964,3/18/2020,1,0
36089,107740,4/5/2020,58,0
27137,199070,3/22/2020,1,0
12111,328297,4/4/2020,76,3
24037,113510,4/5/2020,40,0
20185,152882,4/3/2020,1,0
6099,550660,3/25/2020,12,0
37167,62806,4/3/2020,7,0
17175,5342,4/9/2020,1,0
18149,22995,4/7/2020,5,0
27145,161075,3/26/2020,5,0
27147,1890,3/28/2020,5,0
13257,25925,3/25/2020,2,0
17177,44498,4/5/2020,3,0
36101,95379,3/22/2020,3,0
53065,5485,3/24/2020,1,0
47161,6621,4/5/2020,2,0
29207,29025,4/9/2020,9,0
5137,12506,3/24/2020,2,0
19169,97117,4/4/2020,5,0
33017,130633,4/4/2020,43,0
25025,1476601,2/8/2020,1,0
47163,158348,3/12/2020,1,0
39153,31011,3/15/2020,2,0
20191,22836,4/2/2020,1,0
1119,12427,3/31/2020,1,0
28133,25110,4/5/2020,19,1
37171,71783,3/31/2020,2,0
42115,40328,4/9/2020,16,1
51183,11159,4/3/2020,2,0
6101,96971,4/8/2020,20,2
56037,42343,4/8/2020,5,0
24041,37181,3/23/2020,1,0
1121,79978,4/1/2020,8,0
28135,13809,4/6/2020,3,0
1123,40367,4/6/2020,31,1
19171,16854,4/5/2020,30,0
29213,55928,4/6/2020,7,0
35055,32723,3/31/2020,11,0
48439,2102515,3/24/2020,57,1
28137,28321,4/5/2020,15,0
13267,25286,4/5/2020,3,0
48441,21569,3/27/2020,1,0
51185,131803,4/3/2020,2,0
8119,25388,4/6/2020,11,1
13273,776,3/27/2020,6,2
48445,12337,4/8/2020,4,0
56039,12142,3/18/2020,1,0
40139,19983,4/1/2020,1,0
13275,7777,3/29/2020,7,0
53067,290536,3/18/2020,6,0
13277,40644,4/3/2020,34,0
41057,27036,4/9/2020,4,0
36107,40591,3/21/2020,1,0
28139,22015,4/3/2020,30,3
18157,195732,4/2/2020,19,1
18159,61599,3/27/2020,2,0
46121,12294,3/31/2020,1,0
9013,150721,4/2/2020,67,10
48451,119200,4/8/2020,24,0
36109,102180,3/28/2020,45,0
49045,72259,3/30/2020,9,0
30101,4736,4/9/2020,18,3
13279,26830,4/9/2020,11,1
37175,34385,4/7/2020,6,0
48453,1273954,3/27/2020,160,1
13285,69922,3/30/2020,15,1
39155,197974,3/26/2020,12,1
54093,6839,4/2/2020,3,0
6107,466195,3/26/2020,20,0
40143,651552,3/20/2020,5,1
28143,9632,4/4/2020,15,1
46125,8384,3/30/2020,1,0
1125,209355,3/27/2020,22,0
39157,91987,3/28/2020,5,0
26157,52245,4/4/2020,20,2
13289,8120,4/5/2020,2,0
16083,86878,4/1/2020,17,0
54095,8591,4/9/2020,2,0
36111,177573,3/22/2020,26,0
41059,77950,3/25/2020,2,0
47171,17883,4/9/2020,1,0
34039,556341,3/9/2020,1,0
54097,24176,3/26/2020,1,0
49049,636235,3/29/2020,51,0
48465,49025,4/9/2020,12,0
16085,11392,3/26/2020,1,0
5141,75677,3/22/2020,1,0
48467,56590,4/2/2020,3,1
37181,44535,4/6/2020,12,0
18163,181451,4/3/2020,33,0
6111,846006,3/24/2020,39,1
22113,75758,3/31/2020,8,1
22115,20563,3/30/2020,3,0
48469,92084,4/7/2020,50,0
18167,107038,4/2/2020,10,2
55125,22195,4/9/2020,4,0
12127,553284,3/21/2020,11,0
18169,30996,4/4/2020,1,0
27157,21627,4/4/2020,6,0
40145,81289,4/7/2020,55,3
37183,1111761,3/17/2020,17,0
23027,39715,4/7/2020,5,0
48471,69761,3/25/2020,1,0
53071,60760,3/16/2020,1,0
38099,10641,4/6/2020,3,0
28147,14286,4/2/2020,10,0
12131,94593,3/21/2020,4,0
55127,103868,3/26/2020,5,0
19179,34969,4/6/2020,2,0
38101,67641,3/18/2020,2,0
13299,35734,4/8/2020,43,3
21227,45381,3/18/2020,1,0
18173,62998,4/7/2020,23,0
49051,34091,3/30/2020,45,0
41065,26682,4/9/2020,7,0
27161,18612,3/29/2020,3,0
41067,10194,2/28/2020,1,0
32031,471519,3/19/2020,18,0
26161,367601,3/26/2020,92,3
37189,56177,3/29/2020,5,0
55133,404198,3/25/2020,42,0
42127,89918,3/6/2020,1,0
48479,276652,4/1/2020,45,2
49057,260213,3/26/2020,8,0
22119,9689,3/21/2020,1,0
8123,324492,3/27/2020,129,6
18179,3834,3/21/2020,1,0
36119,967506,3/18/2020,537,0
42129,18015,3/21/2020,4,0
26165,33631,4/4/2020,4,0
48481,41556,4/8/2020,17,0
53073,229247,3/24/2020,64,2
13309,5056,3/31/2020,1,0
47185,78753,3/26/2020,1,0
17195,55175,3/29/2020,3,0
13313,104628,3/31/2020,10,1
18183,36264,4/1/2020,3,0
53075,50104,4/5/2020,11,0
48485,132230,3/25/2020,6,0
24045,103609,4/2/2020,7,1
1131,10373,3/27/2020,2,0
37193,9777,3/31/2020,2,0
27167,6207,4/9/2020,5,1
13319,8630,4/4/2020,2,0
17197,690743,3/30/2020,224,6
39171,37589,4/9/2020,1,0
45089,30368,4/8/2020,13,0
17199,590551,3/18/2020,1,0
37195,81801,3/18/2020,1,0
9015,116782,3/25/2020,2,0
50027,55062,3/28/2020,18,1
17201,171907,3/17/2020,1,0
19191,19991,4/1/2020,3,0
27169,50484,4/8/2020,19,4
1133,23629,3/28/2020,2,0
48497,37383,4/2/2020,3,0
55141,45539,3/19/2020,1,0
19193,103107,4/5/2020,8,0
17203,38459,3/21/2020,2,0
5147,6320,4/7/2020,1,0
20207,3138,4/7/2020,3,0
25027,830622,3/13/2020,2,0
19195,7381,4/9/2020,1,0
27171,12562,3/17/2020,1,0
39175,21772,4/9/2020,8,1
20209,165429,3/26/2020,34,2
54109,39859,4/9/2020,1,0
53077,250873,3/26/2020,61,2
28161,12108,4/9/2020,11,0
41071,107100,3/29/2020,13,1
4025,235099,4/2/2020,34,0
28163,29690,4/2/2020,11,1
30111,161300,3/27/2020,23,0
6113,220500,3/20/2020,6,0
51199,13679,3/17/2020,1,0
6115,78668,4/4/2020,9,0
4027,213787,3/22/2020,1,0
